Parent Area,Area,Parent Area Description,Area Description,meta:custom_meta,meta:parent:custom_meta,meta:_featured_image,meta:parent:_featured_image
1220,1201,1200 – is Dhaka Postal area,1201 - is Dhonia Dhaka Postal area near Sonir Akhra,,,,
1220,1202,1200 – is Dhaka Postal area,1202 - is Dhonia Dhaka Postal area near Sonir Akhra,,,,
1220,1203,1200 – is Dhaka Postal area,1203 - is Dhonia Dhaka Postal area near Sonir Akhra,,,,
1220,1204,1200 – is Dhaka Postal area,1204 - is Dhonia Dhaka Postal area near Sonir Akhra,,,,
1220,1205,1200 – is Dhaka Postal area,1205 - is Dhonia Dhaka Postal area near Sonir Akhra,,,,
1220,1206,1200 – is Dhaka Postal area,1206 - is Dhonia Dhaka Postal area near Sonir Akhra,,,,
1220,1207,1200 – is Dhaka Postal area,1207 - is Dhonia Dhaka Postal area near Sonir Akhra,,,,
1220,1208,1200 – is Dhaka Postal area,1208 - is Dhonia Dhaka Postal area near Sonir Akhra,,,,
1220,1209,1200 – is Dhaka Postal area,1209 - is Dhonia Dhaka Postal area near Sonir Akhra,,,,
1220,1210,1200 – is Dhaka Postal area,1210 - is Dhonia Dhaka Postal area near Sonir Akhra,,,,
